-- phpMyAdmin SQL Dump
-- version 5.0.1
-- https://www.phpmyadmin.net/
--
-- Host: localhost
-- Generation Time: Jan 17, 2021 at 02:51 PM
-- Server version: 10.4.11-MariaDB
-- PHP Version: 7.4.1

SET SQL_MODE = "NO_AUTO_VALUE_ON_ZERO";
SET AUTOCOMMIT = 0;
START TRANSACTION;
SET time_zone = "+00:00";


/*!40101 SET @OLD_CHARACTER_SET_CLIENT=@@CHARACTER_SET_CLIENT */;
/*!40101 SET @OLD_CHARACTER_SET_RESULTS=@@CHARACTER_SET_RESULTS */;
/*!40101 SET @OLD_COLLATION_CONNECTION=@@COLLATION_CONNECTION */;
/*!40101 SET NAMES utf8mb4 */;

--
-- Database: `zaybann`
--

-- --------------------------------------------------------

--
-- Table structure for table `brands`
--

CREATE TABLE `brands` (
  `id` int(11) NOT NULL,
  `logo` text COLLATE utf8_unicode_ci NOT NULL,
  `name` varchar(255) COLLATE utf8_unicode_ci NOT NULL,
  `created_at` timestamp NOT NULL DEFAULT current_timestamp() ON UPDATE current_timestamp(),
  `updated_at` timestamp NOT NULL DEFAULT '0000-00-00 00:00:00'
) ENGINE=InnoDB DEFAULT CHARSET=utf8 COLLATE=utf8_unicode_ci;

--
-- Dumping data for table `brands`
--

INSERT INTO `brands` (`id`, `logo`, `name`, `created_at`, `updated_at`) VALUES
(13, 'image/category/adidas.png', 'Adidas', '2020-02-10 13:55:04', '0000-00-00 00:00:00'),
(14, 'image/category/aer.jpg', 'New Balance', '2020-02-10 13:56:19', '0000-00-00 00:00:00'),
(15, 'image/category/are.jpg', 'Under Armor', '2020-02-10 13:56:35', '0000-00-00 00:00:00'),
(16, 'image/category/brand-5.jpg', 'Puma', '2020-02-10 13:56:49', '0000-00-00 00:00:00'),
(17, 'image/category/brand-2.jpg', 'Nike', '2020-02-10 13:57:02', '0000-00-00 00:00:00'),
(18, 'image/category/r.png', 'New Balance1', '2020-02-16 07:24:47', '0000-00-00 00:00:00');

-- --------------------------------------------------------

--
-- Table structure for table `categories`
--

CREATE TABLE `categories` (
  `id` int(11) NOT NULL,
  `photo` text COLLATE utf8_unicode_ci NOT NULL,
  `name` varchar(255) COLLATE utf8_unicode_ci NOT NULL,
  `created_at` timestamp NOT NULL DEFAULT current_timestamp(),
  `updated_at` timestamp NOT NULL DEFAULT '0000-00-00 00:00:00'
) ENGINE=InnoDB DEFAULT CHARSET=utf8 COLLATE=utf8_unicode_ci;

--
-- Dumping data for table `categories`
--

INSERT INTO `categories` (`id`, `photo`, `name`, `created_at`, `updated_at`) VALUES
(6, 'image/category/legu.jpg', 'League 1', '2020-02-10 13:47:04', '0000-00-00 00:00:00'),
(7, 'image/category/laliga.jpg', 'Laliga', '2020-02-10 13:51:46', '0000-00-00 00:00:00'),
(8, 'image/category/PL.png', 'Premier League', '2020-02-10 13:52:04', '0000-00-00 00:00:00'),
(9, 'image/category/bun.png', 'Bundesliga', '2020-02-10 13:52:27', '0000-00-00 00:00:00'),
(10, 'image/category/sea.png', 'Series A', '2020-02-10 13:52:43', '0000-00-00 00:00:00'),
(11, 'image/category/s2.jpg', 'Shoes', '2020-02-16 08:23:39', '0000-00-00 00:00:00');

-- --------------------------------------------------------

--
-- Table structure for table `items`
--

CREATE TABLE `items` (
  `id` int(11) NOT NULL,
  `codeno` int(11) NOT NULL,
  `name` varchar(255) COLLATE utf8_unicode_ci NOT NULL,
  `photo` text COLLATE utf8_unicode_ci NOT NULL,
  `price` text COLLATE utf8_unicode_ci NOT NULL,
  `discount` varchar(255) COLLATE utf8_unicode_ci NOT NULL,
  `description` text COLLATE utf8_unicode_ci NOT NULL,
  `brand_id` int(11) NOT NULL,
  `subcategories_id` int(11) NOT NULL,
  `created_at` timestamp NOT NULL DEFAULT current_timestamp() ON UPDATE current_timestamp(),
  `updated_at` timestamp NOT NULL DEFAULT '0000-00-00 00:00:00'
) ENGINE=InnoDB DEFAULT CHARSET=utf8 COLLATE=utf8_unicode_ci;

--
-- Dumping data for table `items`
--

INSERT INTO `items` (`id`, `codeno`, `name`, `photo`, `price`, `discount`, `description`, `brand_id`, `subcategories_id`, `created_at`, `updated_at`) VALUES
(1, 1, 'Juventus', 'image/category/f.jpg', '40000', '32000', 'Nice', 11, 14, '2020-02-13 04:00:42', '0000-00-00 00:00:00'),
(2, 2, 'Chelsea', 'image/category/c.jpg', '20000', '18000', 'Nice', 11, 13, '2020-02-13 04:05:11', '0000-00-00 00:00:00'),
(3, 3, 'Dortmon', 'image/category/m.jpg', '25000', '20000', 'Nice', 11, 11, '2020-02-11 08:23:45', '0000-00-00 00:00:00'),
(4, 1, 'Mancity', 'image/category/v.jpg', '40000', '20000', 'Nice', 11, 13, '2020-02-13 04:06:37', '0000-00-00 00:00:00'),
(5, 6, 'Liverpool', 'image/category/b.jpg', '40000', '32000', 'Good', 11, 13, '2020-02-13 04:07:30', '0000-00-00 00:00:00'),
(6, 7, 'Chelsea2', 'image/category/t.jpg', '10000', '5000', 'Good', 11, 13, '2020-02-13 04:09:12', '0000-00-00 00:00:00'),
(7, 8, 'Man Chaster United', 'image/category/k.jpg', '40000', '32000', 'Good', 11, 13, '2020-02-13 04:10:09', '0000-00-00 00:00:00'),
(8, 9, 'Ac Milan', 'image/category/z.jpg', '20000', '18000', 'Good', 11, 14, '2020-02-13 04:11:21', '0000-00-00 00:00:00'),
(9, 9, 'Real', 'image/category/w.jpg', '25000', '20000', 'Good', 10, 10, '2020-02-14 02:33:31', '0000-00-00 00:00:00'),
(11, 12123, 'Barcelona', 'image/category/bar.jpg', '40000', '32000', 'Nice', 11, 10, '2020-02-16 08:00:21', '0000-00-00 00:00:00'),
(12, 4312321, 'Arsenal', 'image/category/arsenal.jpg', '25000', '20000', 'Good', 11, 13, '2020-02-16 08:00:57', '0000-00-00 00:00:00'),
(13, 67126324, 'Astan Villa', 'image/category/astin.jpg', '10000', '8000', 'Good', 11, 13, '2020-02-16 08:01:31', '0000-00-00 00:00:00'),
(14, 3124134, 'Everton', 'image/category/ever.jpg', '25000', '18000', 'Good', 11, 13, '2020-02-16 08:01:58', '0000-00-00 00:00:00'),
(15, 232123, 'Spurs', 'image/item/spur.jpg', '25000', '18000', 'Good', 11, 13, '2020-02-16 08:06:58', '0000-00-00 00:00:00'),
(16, 32534143, 'Leister City', 'image/item/lei.jpg', '40000', '32000', 'Good', 11, 13, '2020-02-16 08:07:31', '0000-00-00 00:00:00'),
(17, 32131346, 'Lyon', 'image/item/ly.jpg', '5000', '3000', 'Good', 11, 12, '2020-02-16 08:10:32', '0000-00-00 00:00:00'),
(18, 655434567, 'lillie', 'image/item/li.jpg', '25000', '18000', 'Nice', 11, 12, '2020-02-16 08:10:59', '0000-00-00 00:00:00'),
(19, 15244456, 'Monaco', 'image/item/mo.jpg', '25000', '20000', 'good', 11, 12, '2020-02-16 08:12:02', '0000-00-00 00:00:00'),
(20, 12344456, 'PSG', 'image/item/x.jpg', '40000', '32000', 'Good', 11, 12, '2020-02-16 08:15:51', '0000-00-00 00:00:00'),
(21, 124345367, 'Servella', 'image/item/se.jpg', '40000', '32000', 'Good', 11, 10, '2020-02-16 08:19:06', '0000-00-00 00:00:00'),
(22, 345364624, 'Roma', 'image/item/q.jpg', '20000', '18000', 'Good', 11, 14, '2020-02-16 08:21:56', '0000-00-00 00:00:00'),
(23, 1234567, 'Lazio', 'image/item/lazio.jpg', '10000', '8000', 'Good', 11, 14, '2020-02-16 08:22:31', '0000-00-00 00:00:00'),
(24, 5677654, 'Inter', 'image/item/n.jpg', '20000', '18000', 'good', 11, 14, '2020-02-16 08:23:00', '0000-00-00 00:00:00'),
(25, 56787, 'Orange Nike', 'image/item/s9.jpg', '40000', '32000', 'Good', 11, 15, '2020-02-16 08:25:11', '0000-00-00 00:00:00'),
(26, 45676, 'Dark Red', 'image/item/s7.jpg', '25000', '20000', 'Good', 11, 15, '2020-02-16 08:25:39', '0000-00-00 00:00:00'),
(27, 3456787, 'Simple Red', 'image/item/s8.jpg', '40000', '32000', 'Nice', 11, 15, '2020-02-16 08:26:25', '0000-00-00 00:00:00'),
(28, 12345543, 'Nike Limited Edition', 'image/item/s2.jpg', '100000', '80000', 'Good', 11, 15, '2020-02-16 08:27:11', '0000-00-00 00:00:00');

-- --------------------------------------------------------

--
-- Table structure for table `orderdetails`
--

CREATE TABLE `orderdetails` (
  `id` int(11) NOT NULL,
  `voucherno` varchar(255) COLLATE utf8_unicode_ci NOT NULL,
  `qty` int(11) NOT NULL,
  `item_id` int(11) NOT NULL,
  `created_at` timestamp NOT NULL DEFAULT current_timestamp() ON UPDATE current_timestamp(),
  `updated_at` timestamp NOT NULL DEFAULT '0000-00-00 00:00:00'
) ENGINE=InnoDB DEFAULT CHARSET=utf8 COLLATE=utf8_unicode_ci;

--
-- Dumping data for table `orderdetails`
--

INSERT INTO `orderdetails` (`id`, `voucherno`, `qty`, `item_id`, `created_at`, `updated_at`) VALUES
(1, '1581415444', 1, 19, '2020-02-11 10:04:04', '0000-00-00 00:00:00'),
(2, '1581415444', 1, 18, '2020-02-11 10:04:04', '0000-00-00 00:00:00'),
(3, '1581415444', 1, 20, '2020-02-11 10:04:04', '0000-00-00 00:00:00'),
(4, '1581415444', 1, 1, '2020-02-11 10:04:04', '0000-00-00 00:00:00'),
(5, '1581415444', 1, 3, '2020-02-11 10:04:04', '0000-00-00 00:00:00'),
(6, '1581415444', 1, 2, '2020-02-11 10:04:04', '0000-00-00 00:00:00'),
(7, '1581415485', 1, 19, '2020-02-11 10:04:45', '0000-00-00 00:00:00'),
(8, '1581415485', 1, 18, '2020-02-11 10:04:45', '0000-00-00 00:00:00'),
(9, '1581415485', 1, 20, '2020-02-11 10:04:45', '0000-00-00 00:00:00'),
(10, '1581415485', 1, 1, '2020-02-11 10:04:45', '0000-00-00 00:00:00'),
(11, '1581415485', 1, 3, '2020-02-11 10:04:45', '0000-00-00 00:00:00'),
(12, '1581415485', 1, 2, '2020-02-11 10:04:45', '0000-00-00 00:00:00'),
(13, '1581415614', 1, 19, '2020-02-11 10:06:54', '0000-00-00 00:00:00'),
(14, '1581415614', 1, 18, '2020-02-11 10:06:54', '0000-00-00 00:00:00'),
(15, '1581415614', 1, 20, '2020-02-11 10:06:55', '0000-00-00 00:00:00'),
(16, '1581415614', 1, 1, '2020-02-11 10:06:55', '0000-00-00 00:00:00'),
(17, '1581415614', 1, 3, '2020-02-11 10:06:55', '0000-00-00 00:00:00'),
(18, '1581415614', 1, 2, '2020-02-11 10:06:55', '0000-00-00 00:00:00'),
(19, '1581372437', 1, 19, '2020-02-11 10:07:17', '0000-00-00 00:00:00'),
(20, '1581372437', 1, 18, '2020-02-11 10:07:17', '0000-00-00 00:00:00'),
(21, '1581372437', 1, 20, '2020-02-11 10:07:17', '0000-00-00 00:00:00'),
(22, '1581372437', 1, 1, '2020-02-11 10:07:17', '0000-00-00 00:00:00'),
(23, '1581372437', 1, 3, '2020-02-11 10:07:17', '0000-00-00 00:00:00'),
(24, '1581372437', 1, 2, '2020-02-11 10:07:17', '0000-00-00 00:00:00'),
(25, '1581372632', 1, 19, '2020-02-11 10:10:32', '0000-00-00 00:00:00'),
(26, '1581372632', 1, 18, '2020-02-11 10:10:32', '0000-00-00 00:00:00'),
(27, '1581372632', 1, 20, '2020-02-11 10:10:32', '0000-00-00 00:00:00'),
(28, '1581372632', 1, 1, '2020-02-11 10:10:33', '0000-00-00 00:00:00'),
(29, '1581372632', 1, 3, '2020-02-11 10:10:33', '0000-00-00 00:00:00'),
(30, '1581372632', 1, 2, '2020-02-11 10:10:33', '0000-00-00 00:00:00'),
(31, '1581372633', 1, 19, '2020-02-11 10:10:33', '0000-00-00 00:00:00'),
(32, '1581372633', 1, 18, '2020-02-11 10:10:33', '0000-00-00 00:00:00'),
(33, '1581372633', 1, 20, '2020-02-11 10:10:34', '0000-00-00 00:00:00'),
(34, '1581372633', 1, 1, '2020-02-11 10:10:34', '0000-00-00 00:00:00'),
(35, '1581372633', 1, 3, '2020-02-11 10:10:34', '0000-00-00 00:00:00'),
(36, '1581372633', 1, 2, '2020-02-11 10:10:34', '0000-00-00 00:00:00'),
(37, '1581372634', 1, 19, '2020-02-11 10:10:34', '0000-00-00 00:00:00'),
(38, '1581372634', 1, 18, '2020-02-11 10:10:34', '0000-00-00 00:00:00'),
(39, '1581372634', 1, 20, '2020-02-11 10:10:34', '0000-00-00 00:00:00'),
(40, '1581372634', 1, 1, '2020-02-11 10:10:35', '0000-00-00 00:00:00'),
(41, '1581372634', 1, 3, '2020-02-11 10:10:35', '0000-00-00 00:00:00'),
(42, '1581372634', 1, 2, '2020-02-11 10:10:35', '0000-00-00 00:00:00'),
(43, '1581372636', 1, 19, '2020-02-11 10:10:36', '0000-00-00 00:00:00'),
(44, '1581372636', 1, 18, '2020-02-11 10:10:36', '0000-00-00 00:00:00'),
(45, '1581372636', 1, 20, '2020-02-11 10:10:36', '0000-00-00 00:00:00'),
(46, '1581372636', 1, 1, '2020-02-11 10:10:36', '0000-00-00 00:00:00'),
(47, '1581372636', 1, 3, '2020-02-11 10:10:36', '0000-00-00 00:00:00'),
(48, '1581372636', 1, 2, '2020-02-11 10:10:36', '0000-00-00 00:00:00'),
(49, '1581561869', 4, 18, '2020-02-13 02:44:29', '0000-00-00 00:00:00'),
(50, '1581561869', 6, 20, '2020-02-13 02:44:29', '0000-00-00 00:00:00'),
(51, '1581561869', 8, 1, '2020-02-13 02:44:29', '0000-00-00 00:00:00'),
(52, '1581561869', 6, 3, '2020-02-13 02:44:29', '0000-00-00 00:00:00'),
(53, '1581561884', 4, 18, '2020-02-13 02:44:44', '0000-00-00 00:00:00'),
(54, '1581561884', 6, 20, '2020-02-13 02:44:45', '0000-00-00 00:00:00'),
(55, '1581561884', 8, 1, '2020-02-13 02:44:45', '0000-00-00 00:00:00'),
(56, '1581561884', 6, 3, '2020-02-13 02:44:45', '0000-00-00 00:00:00'),
(57, '1581561885', 4, 18, '2020-02-13 02:44:45', '0000-00-00 00:00:00'),
(58, '1581561885', 6, 20, '2020-02-13 02:44:45', '0000-00-00 00:00:00'),
(59, '1581561885', 8, 1, '2020-02-13 02:44:45', '0000-00-00 00:00:00'),
(60, '1581561885', 6, 3, '2020-02-13 02:44:45', '0000-00-00 00:00:00'),
(61, '1581561885', 4, 18, '2020-02-13 02:44:45', '0000-00-00 00:00:00'),
(62, '1581561885', 6, 20, '2020-02-13 02:44:45', '0000-00-00 00:00:00'),
(63, '1581561885', 8, 1, '2020-02-13 02:44:45', '0000-00-00 00:00:00'),
(64, '1581561885', 6, 3, '2020-02-13 02:44:45', '0000-00-00 00:00:00'),
(65, '1581564047', 3, 3, '2020-02-13 03:20:47', '0000-00-00 00:00:00'),
(66, '1581564047', 3, 3, '2020-02-13 03:20:47', '0000-00-00 00:00:00'),
(67, '1581564047', 3, 3, '2020-02-13 03:20:47', '0000-00-00 00:00:00'),
(68, '1581564048', 3, 3, '2020-02-13 03:20:48', '0000-00-00 00:00:00'),
(69, '1581564048', 3, 3, '2020-02-13 03:20:48', '0000-00-00 00:00:00'),
(70, '1581564048', 3, 3, '2020-02-13 03:20:48', '0000-00-00 00:00:00'),
(71, '1581564048', 3, 3, '2020-02-13 03:20:48', '0000-00-00 00:00:00'),
(72, '1581564048', 3, 3, '2020-02-13 03:20:48', '0000-00-00 00:00:00'),
(73, '1581567470', 2, 2, '2020-02-13 04:17:50', '0000-00-00 00:00:00'),
(74, '1581567470', 3, 1, '2020-02-13 04:17:50', '0000-00-00 00:00:00'),
(75, '1581567470', 1, 3, '2020-02-13 04:17:50', '0000-00-00 00:00:00'),
(76, '1581567470', 1, 6, '2020-02-13 04:17:50', '0000-00-00 00:00:00'),
(77, '1581567470', 1, 4, '2020-02-13 04:17:50', '0000-00-00 00:00:00'),
(78, '1581567470', 1, 5, '2020-02-13 04:17:50', '0000-00-00 00:00:00'),
(79, '1581567471', 2, 2, '2020-02-13 04:17:51', '0000-00-00 00:00:00'),
(80, '1581567471', 3, 1, '2020-02-13 04:17:51', '0000-00-00 00:00:00'),
(81, '1581567471', 1, 3, '2020-02-13 04:17:51', '0000-00-00 00:00:00'),
(82, '1581567471', 1, 6, '2020-02-13 04:17:51', '0000-00-00 00:00:00'),
(83, '1581567471', 1, 4, '2020-02-13 04:17:51', '0000-00-00 00:00:00'),
(84, '1581567471', 1, 5, '2020-02-13 04:17:51', '0000-00-00 00:00:00'),
(85, '1581567471', 2, 2, '2020-02-13 04:17:51', '0000-00-00 00:00:00'),
(86, '1581567471', 3, 1, '2020-02-13 04:17:51', '0000-00-00 00:00:00'),
(87, '1581567471', 1, 3, '2020-02-13 04:17:51', '0000-00-00 00:00:00'),
(88, '1581567471', 1, 6, '2020-02-13 04:17:51', '0000-00-00 00:00:00'),
(89, '1581567471', 1, 4, '2020-02-13 04:17:51', '0000-00-00 00:00:00'),
(90, '1581567471', 1, 5, '2020-02-13 04:17:52', '0000-00-00 00:00:00'),
(91, '1581567714', 1, 4, '2020-02-13 04:21:54', '0000-00-00 00:00:00'),
(92, '1581567714', 1, 6, '2020-02-13 04:21:54', '0000-00-00 00:00:00'),
(93, '1581571890', 1, 4, '2020-02-13 05:31:30', '0000-00-00 00:00:00'),
(94, '1581571890', 1, 2, '2020-02-13 05:31:30', '0000-00-00 00:00:00'),
(95, '1581571890', 1, 5, '2020-02-13 05:31:30', '0000-00-00 00:00:00'),
(96, '1581572008', 1, 5, '2020-02-13 05:33:28', '0000-00-00 00:00:00'),
(97, '1581572008', 1, 4, '2020-02-13 05:33:28', '0000-00-00 00:00:00'),
(98, '1581572076', 1, 5, '2020-02-13 05:34:36', '0000-00-00 00:00:00'),
(99, '1581572076', 1, 4, '2020-02-13 05:34:36', '0000-00-00 00:00:00'),
(100, '1581572088', 6, 3, '2020-02-13 05:34:48', '0000-00-00 00:00:00'),
(101, '1581572590', 2, 5, '2020-02-13 05:43:10', '0000-00-00 00:00:00'),
(102, '1581572590', 1, 4, '2020-02-13 05:43:10', '0000-00-00 00:00:00'),
(103, '1581572607', 1, 4, '2020-02-13 05:43:27', '0000-00-00 00:00:00'),
(104, '1581572607', 1, 5, '2020-02-13 05:43:28', '0000-00-00 00:00:00'),
(105, '1581572607', 1, 2, '2020-02-13 05:43:28', '0000-00-00 00:00:00'),
(106, '1581533994', 5, 2, '2020-02-13 06:59:54', '0000-00-00 00:00:00'),
(107, '1581533994', 5, 4, '2020-02-13 06:59:55', '0000-00-00 00:00:00'),
(108, '1581533994', 2, 5, '2020-02-13 06:59:55', '0000-00-00 00:00:00'),
(109, '1581533994', 6, 3, '2020-02-13 06:59:55', '0000-00-00 00:00:00'),
(110, '1581533994', 3, 1, '2020-02-13 06:59:55', '0000-00-00 00:00:00'),
(111, '1581533994', 1, 8, '2020-02-13 06:59:55', '0000-00-00 00:00:00'),
(112, '1581534210', 6, 7, '2020-02-13 07:03:30', '0000-00-00 00:00:00'),
(113, '1581534210', 3, 6, '2020-02-13 07:03:30', '0000-00-00 00:00:00'),
(114, '1581534210', 6, 8, '2020-02-13 07:03:30', '0000-00-00 00:00:00'),
(115, '1581534210', 4, 2, '2020-02-13 07:03:30', '0000-00-00 00:00:00'),
(116, '1581534210', 3, 4, '2020-02-13 07:03:30', '0000-00-00 00:00:00'),
(117, '1581534210', 3, 5, '2020-02-13 07:03:30', '0000-00-00 00:00:00'),
(118, '1581534210', 3, 1, '2020-02-13 07:03:30', '0000-00-00 00:00:00'),
(119, '1581647500', 6, 1, '2020-02-14 02:31:40', '0000-00-00 00:00:00'),
(120, '1581647500', 7, 8, '2020-02-14 02:31:40', '0000-00-00 00:00:00'),
(121, '1581647500', 6, 3, '2020-02-14 02:31:40', '0000-00-00 00:00:00'),
(122, '1581798671', 1, 27, '2020-02-16 08:31:11', '0000-00-00 00:00:00'),
(123, '1581798671', 1, 26, '2020-02-16 08:31:11', '0000-00-00 00:00:00'),
(124, '1581798671', 1, 28, '2020-02-16 08:31:11', '0000-00-00 00:00:00'),
(125, '1581798671', 1, 4, '2020-02-16 08:31:11', '0000-00-00 00:00:00'),
(126, '1581798671', 1, 6, '2020-02-16 08:31:11', '0000-00-00 00:00:00'),
(127, '1581798671', 1, 12, '2020-02-16 08:31:11', '0000-00-00 00:00:00'),
(128, '1581798671', 1, 15, '2020-02-16 08:31:11', '0000-00-00 00:00:00'),
(129, '1581798671', 1, 14, '2020-02-16 08:31:11', '0000-00-00 00:00:00'),
(130, '1581798671', 1, 13, '2020-02-16 08:31:11', '0000-00-00 00:00:00'),
(131, '1582314756', 1, 4, '2020-02-22 07:52:36', '0000-00-00 00:00:00'),
(132, '1582314756', 1, 2, '2020-02-22 07:52:36', '0000-00-00 00:00:00'),
(133, '1582314756', 1, 5, '2020-02-22 07:52:36', '0000-00-00 00:00:00'),
(134, '1582570130', 2, 11, '2020-02-25 06:48:50', '0000-00-00 00:00:00'),
(135, '1582570130', 1, 21, '2020-02-25 06:48:50', '0000-00-00 00:00:00'),
(136, '1582570130', 1, 9, '2020-02-25 06:48:51', '0000-00-00 00:00:00'),
(137, '1583274984', 1, 27, '2020-03-04 10:36:24', '0000-00-00 00:00:00'),
(138, '1583274984', 1, 26, '2020-03-04 10:36:24', '0000-00-00 00:00:00'),
(139, '1583274984', 1, 28, '2020-03-04 10:36:24', '0000-00-00 00:00:00'),
(140, '1598324607', 1, 27, '2020-08-25 03:03:27', '0000-00-00 00:00:00'),
(141, '1598324607', 2, 4, '2020-08-25 03:03:27', '0000-00-00 00:00:00'),
(142, '1598324607', 1, 5, '2020-08-25 03:03:27', '0000-00-00 00:00:00'),
(143, '1598329435', 1, 28, '2020-08-25 04:23:55', '0000-00-00 00:00:00'),
(144, '1598329435', 1, 27, '2020-08-25 04:23:55', '0000-00-00 00:00:00'),
(145, '1598329435', 1, 26, '2020-08-25 04:23:55', '0000-00-00 00:00:00');

-- --------------------------------------------------------

--
-- Table structure for table `orders`
--

CREATE TABLE `orders` (
  `id` int(11) NOT NULL,
  `voucherno` int(11) NOT NULL,
  `orderdate` timestamp NOT NULL DEFAULT current_timestamp() ON UPDATE current_timestamp(),
  `total` int(11) NOT NULL,
  `note` text COLLATE utf8_unicode_ci NOT NULL,
  `status` text COLLATE utf8_unicode_ci NOT NULL,
  `user_id` int(11) NOT NULL,
  `created_at` timestamp NOT NULL DEFAULT '0000-00-00 00:00:00',
  `updated_at` timestamp NOT NULL DEFAULT '0000-00-00 00:00:00'
) ENGINE=InnoDB DEFAULT CHARSET=utf8 COLLATE=utf8_unicode_ci;

--
-- Dumping data for table `orders`
--

INSERT INTO `orders` (`id`, `voucherno`, `orderdate`, `total`, `note`, `status`, `user_id`, `created_at`, `updated_at`) VALUES
(1, 1581415614, '2020-02-10 17:30:00', 175000, '', 'Order', 2, '0000-00-00 00:00:00', '0000-00-00 00:00:00'),
(2, 1581372437, '2020-02-10 17:30:00', 175000, '', 'Order', 2, '0000-00-00 00:00:00', '0000-00-00 00:00:00'),
(3, 1581372632, '2020-02-10 17:30:00', 175000, '', 'Order', 2, '0000-00-00 00:00:00', '0000-00-00 00:00:00'),
(4, 1581372633, '2020-01-10 17:30:00', 175000, '', 'Order', 2, '0000-00-00 00:00:00', '0000-00-00 00:00:00'),
(5, 1581372634, '2020-01-10 17:30:00', 175000, '', 'Order', 2, '0000-00-00 00:00:00', '0000-00-00 00:00:00'),
(6, 1581372636, '2020-01-10 17:30:00', 175000, '', 'Order', 2, '0000-00-00 00:00:00', '0000-00-00 00:00:00'),
(7, 1581561869, '2020-02-12 17:30:00', 870000, 'ww', 'Order', 2, '0000-00-00 00:00:00', '0000-00-00 00:00:00'),
(8, 1581561884, '2020-02-12 17:30:00', 870000, '', 'Order', 2, '0000-00-00 00:00:00', '0000-00-00 00:00:00'),
(9, 1581561885, '2020-02-12 17:30:00', 870000, '', 'Order', 2, '0000-00-00 00:00:00', '0000-00-00 00:00:00'),
(10, 1581561885, '2020-07-12 17:30:00', 870000, '', 'Order', 2, '0000-00-00 00:00:00', '0000-00-00 00:00:00'),
(11, 1581567470, '2020-06-12 17:30:00', 275000, '', 'Order', 2, '0000-00-00 00:00:00', '0000-00-00 00:00:00'),
(12, 1581567471, '2020-06-12 17:30:00', 275000, '', 'Order', 2, '0000-00-00 00:00:00', '0000-00-00 00:00:00'),
(13, 1581567471, '2020-05-12 17:30:00', 275000, '', 'Order', 2, '0000-00-00 00:00:00', '0000-00-00 00:00:00'),
(14, 1581567714, '2020-04-12 17:30:00', 50000, '', 'Order', 2, '0000-00-00 00:00:00', '0000-00-00 00:00:00'),
(15, 1581571890, '2020-12-12 17:30:00', 100000, '', 'Order', 2, '0000-00-00 00:00:00', '0000-00-00 00:00:00'),
(16, 1581572008, '2020-03-12 17:30:00', 80000, '', 'Order', 2, '0000-00-00 00:00:00', '0000-00-00 00:00:00'),
(17, 1581572076, '2020-03-12 17:30:00', 80000, '', 'Order', 2, '0000-00-00 00:00:00', '0000-00-00 00:00:00'),
(18, 1581572088, '2020-02-12 17:30:00', 150000, '', 'Order', 2, '0000-00-00 00:00:00', '0000-00-00 00:00:00'),
(19, 1581572590, '2020-02-12 17:30:00', 120000, '', 'Order', 2, '0000-00-00 00:00:00', '0000-00-00 00:00:00'),
(20, 1581572607, '2020-08-12 17:30:00', 100000, 'good', 'Order', 2, '0000-00-00 00:00:00', '0000-00-00 00:00:00'),
(21, 1581533994, '2020-09-12 17:30:00', 670000, '', 'Order', 2, '0000-00-00 00:00:00', '0000-00-00 00:00:00'),
(22, 1581534210, '2020-10-12 17:30:00', 830000, '', 'Order', 3, '0000-00-00 00:00:00', '0000-00-00 00:00:00'),
(23, 1581647500, '2020-02-13 17:30:00', 530000, 'ghjh', 'Order', 4, '0000-00-00 00:00:00', '0000-00-00 00:00:00'),
(24, 1581798671, '2020-02-15 17:30:00', 300000, '', 'Order', 3, '0000-00-00 00:00:00', '0000-00-00 00:00:00'),
(25, 1582314756, '2020-02-21 17:30:00', 100000, 'mya myint mo ko chit tl', 'Order', 3, '0000-00-00 00:00:00', '0000-00-00 00:00:00'),
(26, 1582570130, '2020-02-24 17:30:00', 145000, 'Great', 'Order', 2, '0000-00-00 00:00:00', '0000-00-00 00:00:00'),
(27, 1583274984, '2020-03-03 17:30:00', 165000, '', 'Order', 2, '0000-00-00 00:00:00', '0000-00-00 00:00:00'),
(28, 1598324607, '2020-08-24 17:30:00', 160000, '', 'Order', 1, '0000-00-00 00:00:00', '0000-00-00 00:00:00'),
(29, 1598329435, '2020-08-24 17:30:00', 165000, '', 'Order', 1, '0000-00-00 00:00:00', '0000-00-00 00:00:00');

-- --------------------------------------------------------

--
-- Table structure for table `roles`
--

CREATE TABLE `roles` (
  `id` int(11) NOT NULL,
  `name` varchar(255) COLLATE utf8_unicode_ci NOT NULL,
  `created_at` timestamp NOT NULL DEFAULT current_timestamp() ON UPDATE current_timestamp(),
  `updated_at` timestamp NOT NULL DEFAULT '0000-00-00 00:00:00'
) ENGINE=InnoDB DEFAULT CHARSET=utf8 COLLATE=utf8_unicode_ci;

--
-- Dumping data for table `roles`
--

INSERT INTO `roles` (`id`, `name`, `created_at`, `updated_at`) VALUES
(1, 'Admin', '2020-02-10 08:10:54', '0000-00-00 00:00:00'),
(2, 'Customer', '2020-02-10 08:10:54', '0000-00-00 00:00:00');

-- --------------------------------------------------------

--
-- Table structure for table `subcategories`
--

CREATE TABLE `subcategories` (
  `id` int(11) NOT NULL,
  `name` varchar(255) COLLATE utf8_unicode_ci NOT NULL,
  `category_id` int(11) NOT NULL,
  `created_at` timestamp NOT NULL DEFAULT current_timestamp() ON UPDATE current_timestamp(),
  `updated_at` timestamp NOT NULL DEFAULT current_timestamp() ON UPDATE current_timestamp()
) ENGINE=InnoDB DEFAULT CHARSET=utf8 COLLATE=utf8_unicode_ci;

--
-- Dumping data for table `subcategories`
--

INSERT INTO `subcategories` (`id`, `name`, `category_id`, `created_at`, `updated_at`) VALUES
(10, 'L1', 7, '2020-02-10 13:54:00', '2020-02-10 13:54:00'),
(11, 'B1', 9, '2020-02-10 13:54:09', '2020-02-10 13:54:09'),
(12, 'Le1', 6, '2020-02-10 13:54:20', '2020-02-10 13:54:20'),
(13, 'PL1', 8, '2020-02-10 13:54:28', '2020-02-10 13:54:28'),
(14, 'Se1', 10, '2020-02-10 13:54:38', '2020-02-10 13:54:38'),
(15, 'Sh', 11, '2020-02-16 08:24:11', '2020-02-16 08:24:11');

-- --------------------------------------------------------

--
-- Table structure for table `users`
--

CREATE TABLE `users` (
  `id` int(11) NOT NULL,
  `name` varchar(255) COLLATE utf8_unicode_ci NOT NULL,
  `profile` text COLLATE utf8_unicode_ci NOT NULL,
  `email` varchar(255) COLLATE utf8_unicode_ci NOT NULL,
  `password` varchar(255) COLLATE utf8_unicode_ci NOT NULL,
  `address` text COLLATE utf8_unicode_ci NOT NULL,
  `phone` varchar(255) COLLATE utf8_unicode_ci NOT NULL,
  `role_id` int(11) NOT NULL,
  `created_at` timestamp NOT NULL DEFAULT current_timestamp() ON UPDATE current_timestamp(),
  `updated_at` timestamp NOT NULL DEFAULT '0000-00-00 00:00:00'
) ENGINE=InnoDB DEFAULT CHARSET=utf8 COLLATE=utf8_unicode_ci;

--
-- Dumping data for table `users`
--

INSERT INTO `users` (`id`, `name`, `profile`, `email`, `password`, `address`, `phone`, `role_id`, `created_at`, `updated_at`) VALUES
(1, 'Admin', '', 'admin@gmail.com', '123456789', 'Yangon', '0987654323', 1, '2020-02-10 08:19:13', '0000-00-00 00:00:00'),
(2, 'Customer', '', 'customer@gmail.com', '123456789', 'Yangon', '09765434556', 2, '2020-02-10 08:19:13', '0000-00-00 00:00:00'),
(3, 'wai', 'wa', 'wai@gmail.com', 'wai', 'ygn', '099876543456', 2, '2020-02-13 07:02:37', '0000-00-00 00:00:00'),
(5, 'Nyi', '', 'nyi@gmail.com', 'nyi', 'Ygn', '09876545678', 2, '2020-02-16 08:45:50', '0000-00-00 00:00:00');

--
-- Indexes for dumped tables
--

--
-- Indexes for table `brands`
--
ALTER TABLE `brands`
  ADD PRIMARY KEY (`id`);

--
-- Indexes for table `categories`
--
ALTER TABLE `categories`
  ADD PRIMARY KEY (`id`);

--
-- Indexes for table `items`
--
ALTER TABLE `items`
  ADD PRIMARY KEY (`id`);

--
-- Indexes for table `orderdetails`
--
ALTER TABLE `orderdetails`
  ADD PRIMARY KEY (`id`);

--
-- Indexes for table `orders`
--
ALTER TABLE `orders`
  ADD PRIMARY KEY (`id`);

--
-- Indexes for table `roles`
--
ALTER TABLE `roles`
  ADD PRIMARY KEY (`id`);

--
-- Indexes for table `subcategories`
--
ALTER TABLE `subcategories`
  ADD PRIMARY KEY (`id`);

--
-- Indexes for table `users`
--
ALTER TABLE `users`
  ADD PRIMARY KEY (`id`);

--
-- AUTO_INCREMENT for dumped tables
--

--
-- AUTO_INCREMENT for table `brands`
--
ALTER TABLE `brands`
  MODIFY `id` int(11) NOT NULL AUTO_INCREMENT, AUTO_INCREMENT=19;

--
-- AUTO_INCREMENT for table `categories`
--
ALTER TABLE `categories`
  MODIFY `id` int(11) NOT NULL AUTO_INCREMENT, AUTO_INCREMENT=12;

--
-- AUTO_INCREMENT for table `items`
--
ALTER TABLE `items`
  MODIFY `id` int(11) NOT NULL AUTO_INCREMENT, AUTO_INCREMENT=29;

--
-- AUTO_INCREMENT for table `orderdetails`
--
ALTER TABLE `orderdetails`
  MODIFY `id` int(11) NOT NULL AUTO_INCREMENT, AUTO_INCREMENT=146;

--
-- AUTO_INCREMENT for table `orders`
--
ALTER TABLE `orders`
  MODIFY `id` int(11) NOT NULL AUTO_INCREMENT, AUTO_INCREMENT=30;

--
-- AUTO_INCREMENT for table `roles`
--
ALTER TABLE `roles`
  MODIFY `id` int(11) NOT NULL AUTO_INCREMENT, AUTO_INCREMENT=5;

--
-- AUTO_INCREMENT for table `subcategories`
--
ALTER TABLE `subcategories`
  MODIFY `id` int(11) NOT NULL AUTO_INCREMENT, AUTO_INCREMENT=16;

--
-- AUTO_INCREMENT for table `users`
--
ALTER TABLE `users`
  MODIFY `id` int(11) NOT NULL AUTO_INCREMENT, AUTO_INCREMENT=6;
COMMIT;

/*!40101 SET CHARACTER_SET_CLIENT=@OLD_CHARACTER_SET_CLIENT */;
/*!40101 SET CHARACTER_SET_RESULTS=@OLD_CHARACTER_SET_RESULTS */;
/*!40101 SET COLLATION_CONNECTION=@OLD_COLLATION_CONNECTION */;
